story_number,episode_title,type,first_aired,uk_viewers,rating_AI,duration,season,ep_num,rating_imdb,rating_n,desc,writer,director,doctor_who_actor,,Showrunner
157,Rose,episode,3/26/2005,10.81,76,45,1,1,7.5,8301,When ordinary shop-worker Rose Tyler meets a mysterious stranger called the Doctor she is drawn into his strange and dangerous world; her life will never be the same again.,Russell T Davies,Keith Boak,Christopher Eccleston,,Russell T Davies
158,The End of the World,episode,4/2/2005,7.97,76,44,1,2,7.5,7279,The Doctor takes Rose to the year 5 billion to witness the destruction of the Earth.,Russell T Davies,Euros Lyn,Christopher Eccleston,,Russell T Davies
159,The Unquiet Dead,episode,4/9/2005,8.86,80,44,1,3,7.5,6804,The Doctor has great expectations for his latest adventure when he and Rose join forces with Charles Dickens to investigate a mysterious plague of zombies.,Mark Gatiss,Euros Lyn,Christopher Eccleston,,Russell T Davies
160a,Aliens of London,episode,4/16/2005,7.63,82,45,1,4,7,6543,"The Doctor returns Rose to her own time - well, sort of - but her family reunion is ruined when a spaceship crashes in the middle of London. What is the origin of the spaceship, and where has the Prime Minister gone in this time of crisis?",Russell T Davies,Keith Boak,Christopher Eccleston,,Russell T Davies
160b,World War Three,episode,4/23/2005,7.98,81,42,1,5,7,6337,The Slitheen have infiltrated Parliament and have the Doctor and his friends trapped as the Doctor works to prevent them from starting World War Three.,Russell T Davies,Keith Boak,Christopher Eccleston,,Russell T Davies
161,Dalek,episode,4/30/2005,8.63,84,45,1,6,8.7,7211,"The TARDIS is drawn to an alien museum deep below the Utah desert, where a ruthless billionaire keeps prisoner the last of the Doctor's most fearsome enemies.",Robert Shearman,Joe Ahearne,Christopher Eccleston,,Russell T Davies
162,The Long Game,episode,5/7/2005,8.01,81,44,1,7,7.1,6255,"In the year 200,000 the Doctor discovers that a satellite with a dark secret is controlling humanity and slowing its development.",Russell T Davies,Brian Grant,Christopher Eccleston,,Russell T Davies
163,Father's Day,episode,5/14/2005,8.06,83,45,1,8,8.4,6889,"Rose asks The Doctor to take her to 1987, on the day her father was killed.",Paul Cornell,Joe Ahearne,Christopher Eccleston,,Russell T Davies
164a,The Empty Child,episode,5/21/2005,7.11,84,45,1,9,9.2,8383,"When a spaceship crashes in the middle of the London Blitz the Doctor, Rose and the enigmatic Captain Jack Harkness find themselves investigating a plague of physical injuries and a little boy in a gas mask.",Steven Moffat,James Hawes,Christopher Eccleston,,Russell T Davies
164b,The Doctor Dances,episode,5/28/2005,6.86,85,45,1,10,9.2,7702,The gas mask zombies are on the rise as the plague spreads across war-torn London.,Steven Moffat,James Hawes,Christopher Eccleston,,Russell T Davies
165,Boom Town,episode,6/4/2005,7.68,82,45,1,11,7.1,5981,"Stopping off in present-day Cardiff to recharge the TARDIS, The Doctor, Rose and Jack meet up with Mickey and encounter an old foe in the midst of hatching a scheme that could destroy the entire planet.",Russell T Davies,Joe Ahearne,Christopher Eccleston,,Russell T Davies
166a,Bad Wolf,episode,6/11/2005,6.81,86,45,1,12,8.7,6799,"The Doctor, Rose and Jack are separated and forced to compete in twisted and deadly games on the Game Station.",Russell T Davies,Joe Ahearne,Christopher Eccleston,,Russell T Davies
166b,The Parting of the Ways,episode,6/18/2005,6.91,89,45,1,13,9.1,7312,"As the Dalek fleet begin their attack on the Earth, the Doctor and his allies make one final stand.",Russell T Davies,Joe Ahearne,Christopher Eccleston,,Russell T Davies
167,The Christmas Invasion,special,12/25/2005,9.84,84,60,2,0,8.1,6716,"It's Christmas Eve, but this is to be a far from silent night - the cruel Sycorax have come to Earth to enslave mankind and, as ever, only The Doctor can stop them. Unfortunately, he's lying in a coma in Jackie's home...",Russell T Davies,James Hawes,David Tennant,,Russell T Davies
168,New Earth,episode,4/15/2006,8.62,85,45,2,1,7.4,6275,The Doctor and Rose arrive on New Earth and meet old friends and enemies in a hospital which can cure every disease. But the cures come at a terrible cost.,Russell T Davies,James Hawes,David Tennant,,Russell T Davies
169,Tooth and Claw,episode,4/22/2006,9.24,83,45,2,2,7.7,6398,"The Doctor and Rose are transported to 19th Century Scotland, where they meet Queen Victoria, and try to protect her from a ravenous werewolf and a band of assassinating warrior-monks",Russell T Davies,Euros Lyn,David Tennant,,Russell T Davies
170,School Reunion,episode,4/29/2006,8.31,85,45,2,3,8.3,6803,"The Krillitanes - aliens with a mix-and-match physiology - are trying to crack the 'God-Maker', a paradigm to give them ultimate power. They are using children as a computer, and only the Doctor and Rose, re-united with Sarah Jane Smith and K9 can prevent them from becoming masters of time and space.",Toby Whithouse,James Hawes,David Tennant,,Russell T Davies
171,The Girl in the Fireplace,episode,5/6/2006,7.9,84,45,2,4,9.3,10469,"The Doctor, Mickey and Rose land on a spaceship in the 51st century only to find 18th century Versailles on board, the time of Madame De Pompadour! To find out what's going on the Doctor must enter Versailles and save Madame De Popmpadour but it turns into an emotional roller coaster for the Doctor.",Steven Moffat,Euros Lyn,David Tennant,,Russell T Davies
172a,Rise of the Cybermen,episode,5/13/2006,9.22,86,45,2,5,7.8,5989,"The TARDIS crash lands in London on a parallel world, where Rose's dad is still alive, people are disappearing off the streets and one of the Doctor's deadliest enemies is about to be reborn.",Tom MacRae,Graeme Harper,David Tennant,,Russell T Davies
172b,The Age of Steel,episode,5/20/2006,7.63,86,45,2,6,7.9,5924,The Cybermen take control of London as the population is enslaved and the Doctor and his friends become fugitives.,Tom MacRae,Graeme Harper,David Tennant,,Russell T Davies
173,The Idiot's Lantern,episode,5/27/2006,6.76,84,45,2,7,6.7,6114,"As the coronation of Elizabeth II nears, the streets of London live in fear. Faceless people are stolen from their homes in the night and something evil is lurking in the television.",Mark Gatiss,Euros Lyn,David Tennant,,Russell T Davies
174a,The Impossible Planet,episode,6/3/2006,6.32,85,45,2,8,8.7,6869,"When the Doctor and Rose become stranded on a planet orbiting a black hole, they find a human expedition crew and their servants, the Ood, being terrorised by the Devil.",Matt Jones,James Strong,David Tennant,,Russell T Davies
174b,The Satan Pit,episode,6/10/2006,6.08,86,45,2,9,8.8,7075,"The Doctor risks his life to investigate the pit and is forced to make a terrible decision, while Rose and the crew fend for their lives against the Legion of the Beast.",Matt Jones,James Strong,David Tennant,,Russell T Davies
175,Love & Monsters,episode,6/17/2006,6.66,76,45,2,10,6.1,7169,"Elton Pope is an ordinary man intrigued by the world of the Doctor. When he and fellow enthusiasts - L.I.N.D.A. - meet the mysterious Victor Kennedy, their lives will never be the same again.",Russell T Davies,Dan Zeff,David Tennant,,Russell T Davies
176,Fear Her,episode,6/24/2006,7.14,83,45,2,11,5.9,6367,"When children vanish into thin air in 2012 London, the Doctor and Rose find the answers in a seemingly ordinary household and a girl whose drawings can come to life.",Matthew Graham,Euros Lyn,David Tennant,,Russell T Davies
177a,Army of Ghosts,episode,7/1/2006,8.19,86,45,2,12,8.5,6229,"When ghosts of loved ones appear all over the world the Doctor traces the phenomena to the Torchwood Tower, where some old friends and enemies are waiting.",Russell T Davies,Graeme Harper,David Tennant,,Russell T Davies
177b,Doomsday,episode,7/8/2006,8.22,89,45,2,13,9.3,8494,"Earth becomes a battleground for the Daleks and the Cybermen. With the whole planet at stake and the Genesis Ark activated, how much will the Doctor sacrifice in order to end the war?",Russell T Davies,Graeme Harper,David Tennant,,Russell T Davies
178,The Runaway Bride,special,12/25/2006,9.35,84,60,3,0,7.6,6351,"The Doctor is baffled when a young woman is transported to the TARDIS on her wedding day, and attempts to find out how she is connected to an alien plot to destroy Earth.",Russell T Davies,Euros Lyn,David Tennant,,Russell T Davies
179,Smith and Jones,episode,3/31/2007,8.71,88,45,3,1,8,6211,"When the hospital she works at is transported to the moon, medical student Martha Jones joins forces with The Doctor to hunt down an alien fugitive before the oxygen runs out.",Russell T Davies,Charles Palmer,David Tennant,,Russell T Davies
180,The Shakespeare Code,episode,4/7/2007,7.23,87,45,3,2,7.6,6241,"The Doctor takes Martha to London in 1599, where William Shakespeare's new play is being used by three witches in an evil plan.",Gareth Roberts,Charles Palmer,David Tennant,,Russell T Davies
181,Gridlock,episode,4/14/2007,8.41,85,45,3,3,8,6400,"The Doctor takes Martha to New Earth, where she is kidnapped by two carjackers and taken to an underground Motorway, where the remainder of humanity on the planet live in perpetual gridlock.",Russell T Davies,Richard Clark,David Tennant,,Russell T Davies
182a,Daleks in Manhattan,episode,4/21/2007,6.69,86,45,3,4,7,5850,"The Doctor and Martha travel to New York in 1930, where people have been mysteriously vanishing from the streets, and an old enemy resurfaces.",Helen Raynor,James Strong,David Tennant,,Russell T Davies
182b,Evolution of the Daleks,episode,4/28/2007,6.97,85,45,3,5,6.9,5869,"Concluding part to Daleks in Manhattan. In 1930s New York, the Daleks' plan is in full force. Faced with the cyborgs' most evil and dangerous scheme yet, will the Doctor and Martha be able to defeat their greatest opponents?",Helen Raynor,James Strong,David Tennant,,Russell T Davies
183,The Lazarus Experiment,episode,5/5/2007,7.19,86,45,3,6,6.5,5879,The famous Dr Lazarus has appeared to discover the secret of eternal youth - but do his experiments hide a sinister secret?,Stephen Greenhorn,Richard Clark,David Tennant,,Russell T Davies
184,42,episode,5/19/2007,7.41,85,45,3,7,7.3,5719,"On a spaceship headed straight for the centre of the sun, the Doctor only has 42 minutes to save Martha and the ship's crew from an inevitable doom.",Chris Chibnall,Graeme Harper,David Tennant,,Russell T Davies
185a,Human Nature,episode,5/26/2007,7.74,86,45,3,8,9,7354,"In 1913, Martha watches in jealousy from afar as The Doctor learns what it is to be human and to fall in love with the local school nurse, Joan Redfern.",Paul Cornell,Charles Palmer,David Tennant,,Russell T Davies
185b,The Family of Blood,episode,6/2/2007,7.21,86,45,3,9,9.2,8121,"The Doctor must deal with the repercussions of his decision to become human, as The Family Of Blood unveil themselves...",Paul Cornell,Charles Palmer,David Tennant,,Russell T Davies
186,Blink,episode,6/9/2007,6.62,87,45,3,10,9.8,19688,Sally Sparrow receives a cryptic message from the Doctor about a mysterious new enemy species that is after the TARDIS.,Steven Moffat,Hettie MacDonald,David Tennant,,Russell T Davies
187a,Utopia,episode,6/16/2007,7.84,87,45,3,11,8.7,6592,"Soon after bumping into old friend Jack Harkness, Martha and The Doctor head off to Malcassairo, a distant planet where an old professor will do anything he can to keep his people alive...",Russell T Davies,Graeme Harper,David Tennant,,Russell T Davies
187b,The Sound of Drums,episode,6/23/2007,7.51,87,45,3,12,8.7,6649,"The Doctor, Martha and Jack return to the 21st Century eighteen months after the Doctor and Martha left. They find they've missed the election, and the new Prime Minister, Harold Saxon, is someone they've met before by another name.",Russell T Davies,Colin Teague,David Tennant,,Russell T Davies
187c,Last of the Time Lords,episode,6/30/2007,8.61,88,52,3,13,8.3,6899,"It's been a year since The Master unleashed the mysterious Toclafane onto Earth. With the human race and The Doctor enslaved under The Master's control, Martha Jones is the only person that can help stop the evil Time Lord.",Russell T Davies,Colin Teague,David Tennant,,Russell T Davies
188,Voyage of the Damned,special,12/25/2007,13.31,86,72,4,0,7.6,6467,"A spacecraft set on an apocalyptic collision course with Earth, a host of killer robot angels and an evil severed headed mastermind - it's just another Christmas for the Doctor... 2007 Christmas special guest starring Kylie Minogue.",Russell T Davies,James Strong,David Tennant,,Russell T Davies
189,Partners in Crime,episode,4/5/2008,9.14,88,50,4,1,7.8,6105,"With a new weight-loss pill tested in London by Adipose Industries, The Doctor goes to investigate the sinister truth behind the product, only to find out that his old friend Donna Noble is investigating as well.",Russell T Davies,James Strong,David Tennant,,Russell T Davies
190,The Fires of Pompeii,episode,4/12/2008,9.04,87,50,4,2,8,6295,"Instead of Rome, The Doctor and Donna Noble end up visiting Pompeii in AD 79, on the eve of the catastrophic eruption of Mount Vesuvius. Before anyone even knew it was actually a volcano, the entire city is doomed for destruction.",James Moran,Colin Teague,David Tennant,,Russell T Davies
191,Planet of the Ood,episode,4/19/2008,7.5,87,45,4,3,8.1,6012,"Finding themselves on the Ood-Sphere planet in the 42nd century, The Doctor and Donna discover the truth over the Ood's willingness to serve humankind.",Keith Temple,Graeme Harper,David Tennant,,Russell T Davies
192a,The Sontaran Stratagem,episode,4/26/2008,7.06,87,45,4,4,7.5,5423,UNIT's newest recruit Martha Jones enlists The Doctor's help to investigate kid genius Luke Rattigan and his ATMOS system that is used in every car on Earth.,Helen Raynor,Douglas Mackinnon,David Tennant,,Russell T Davies
192b,The Poison Sky,episode,5/3/2008,6.53,88,45,4,5,7.5,5393,"With planet Earth choking under the poison sky, the Doctor must stop the Sontarans' threat to the planet.",Helen Raynor,Douglas Mackinnon,David Tennant,,Russell T Davies
193,The Doctor's Daughter,episode,5/10/2008,7.33,88,45,4,6,7.6,6044,"Caught in the middle of a war between the Humans and the Hath in the planet Messaline, the Doctor finds himself once again a father.",Stephen Greenhorn,Alice Troughton,David Tennant,,Russell T Davies
194,The Unicorn and the Wasp,episode,5/17/2008,8.41,86,45,4,7,7.7,5920,"With a 1926 dinner party turning into a murder mystery, The Doctor and Donna Noble get the chance to meet Agatha Christie on the eve of her well-known 9-days disappearance.",Gareth Roberts,Graeme Harper,David Tennant,,Russell T Davies
195a,Silence in the Library,episode,5/31/2008,6.27,89,45,4,8,9.4,8792,The Doctor and Donna join a group of archaeologists at a 51st century library. What caused the library to become abandoned? What are the Nodes? And what links the library to one little girl? All they have is one warning - count the shadows.,Steven Moffat,Euros Lyn,David Tennant,,Russell T Davies
195b,Forest of the Dead,episode,6/7/2008,7.84,89,45,4,9,9.5,9105,"With the library darkening, the Doctor takes on the Vashta Nerada while figuring out what links River Song to his future. Meanwhile, Donna finds out the mystery of Dr. Moon and the Girl.",Steven Moffat,Euros Lyn,David Tennant,,Russell T Davies
196,Midnight,episode,6/14/2008,8.05,86,45,4,10,9.1,8100,"As part of a well-deserved holiday, the Doctor takes a tour on a planet called Midnight. Little does he know that something is knocking on the walls, although the planet shouldn't be inhabited. Soon the passengers begin to panic when one of them is possessed.",Russell T Davies,Alice Troughton,David Tennant,,Russell T Davies
197,Turn Left,episode,6/21/2008,8.09,88,50,4,11,8.9,6886,"What would happen if Donna never met the Doctor? How would Earth handle the Racnoss, the falling Titanic or the Sontarans? Aided by a familiar blonde time traveler, Donna corrects the alternate time line from happening.",Russell T Davies,Graeme Harper,David Tennant,,Russell T Davies
198a,The Stolen Earth,episode,6/28/2008,8.78,91,45,4,12,9.1,6824,"The return of an old enemy leaves Earth along with 26 other planets stolen from their places. As the Doctor and Donna look for the whereabouts of Earth, former companions of the Doctor assemble a resistance against the new Dalek Empire.",Russell T Davies,Graeme Harper,David Tennant,,Russell T Davies
198b,Journey's End,episode,7/5/2008,10.57,91,63,4,13,9.2,7817,"In the wake of Davros' threat to destroy the existence of the Universe itself, the Doctor's companions unite to stop the Dalek empire. Which one will die by the prophecies and what will the fate be for the Doctor?",Russell T Davies,Graeme Harper,David Tennant,,Russell T Davies
199,The Next Doctor,special,12/25/2008,13.1,86,60,4,1,7.4,5956,The Doctor arrives in London on Christmas Eve in 1851 where he encounters the Cybermen and a man who claims he's a Time Lord called the Doctor.,Russell T Davies,Andy Goddard,David Tennant,,Russell T Davies
200,Planet of the Dead,special,4/11/2009,9.75,88,60,4,2,7.4,5990,"A meeting in a London bus with jewel thief Lady Christina takes a turn for the worst for the Doctor when the bus takes a detour to a desert-like planet, where the deadly Swarm awaits.",Russell T Davies/Gareth Roberts,James Strong,David Tennant,,Russell T Davies
201,The Waters of Mars,special,11/15/2009,10.32,88,60,4,3,8.8,7702,In a Mars base the inhabitants are being infected by a mysterious water creature which takes over its victims. The Doctor is thrust into the middle of this catastrophe knowing a larger one is waiting around the corner.,Russell T Davies/Phil Ford,Graeme Harper,David Tennant,,Russell T Davies
202a,The End of Time – Part One,special,12/25/2009,12.04,87,60,4,4,8.2,6800,The Ood have given a warning to The Doctor. The Master is returning yet that is not the biggest threat. A darkness is coming which brings with it The End of Time.,Russell T Davies,Euros Lyn,David Tennant,,Russell T Davies
202b,The End of Time – Part Two,special,1/1/2010,12.27,89,75,4,5,8.9,7700,The Doctor faces the end of his life as The Master rules over Earth. But a far greater threat is reaching through the darkness...,Russell T Davies,Euros Lyn,David Tennant,,Russell T Davies
203,The Eleventh Hour,episode,4/3/2010,10.09,86,65,5,1,8.8,7809,"With his TARDIS in ruins, the newly-regenerated Doctor with the help of Amy Pond must save the world in less than twenty minutes from galactic policemen known as the Atraxi.",Steven Moffat,Adam Smith,Matt Smith,,Steven Moffat
204,The Beast Below,episode,4/10/2010,8.42,86,45,5,2,7.6,6090,"The Doctor takes Amy to the future inside Starship UK, which contains in addition to British explorers, an intimidating race known as the Smilers.",Steven Moffat,Andrew Gunn,Matt Smith,,Steven Moffat
205,Victory of the Daleks,episode,4/17/2010,8.21,84,45,5,3,6.7,5921,"The TARDIS takes The Doctor and Amy to war-torn Britain in the middle of World War Two. Not only do they meet Winston Churchill himself, but the Doctor comes face to face once again with his greatest enemy of all.",Mark Gatiss,Andrew Gunn,Matt Smith,,Steven Moffat
206a,The Time of Angels,episode,4/24/2010,8.59,87,45,5,4,8.7,6607,"The Doctor and Amy emerge from the TARDIS to find the wreck of the Byzantium spaceship. Down below the Weeping Angels are stirring, but the Doctor has someone else to contend with; none other than the mysterious Professor River Song.",Steven Moffat,Adam Smith,Matt Smith,,Steven Moffat
206b,Flesh and Stone,episode,5/1/2010,8.5,86,45,5,5,8.6,6076,"The Doctor, Amy, Dr. Song and the remaining soldiers manage to escape from the crashed ship and into the forest. The Angels attempt to create a rift in time and space much as the Doctor had found in Amy's room when they first met. Amy meanwhile is counting down from 10 minutes and the Doctor has determined that an Angel has taken over her mind.",Steven Moffat,Adam Smith,Matt Smith,,Steven Moffat
207,The Vampires of Venice,episode,5/8/2010,7.68,86,50,5,6,7,5666,The Doctor and Amy cross swords in more ways than one with a horde of blood-sucking vampires in 16th century Venice.,Toby Whithouse,Jonny Campbell,Matt Smith,,Steven Moffat
208,Amy's Choice,episode,5/15/2010,7.55,84,45,5,7,8.2,5989,"Five years after finally leaving the TARDIS Amy and Rory now married, live in the quiet little village of Leadworth. But everything is not what it would seem.",Simon Nye,Catherine Morshead,Matt Smith,,Steven Moffat
209a,The Hungry Earth,episode,5/22/2010,6.49,86,45,5,8,7.2,5316,"When a drill drills to deep into the earth, something that had been hibernating beneath the earth's crust is woken, and it's hungry for revenge.",Chris Chibnall,Ashley Way,Matt Smith,,Steven Moffat
209b,Cold Blood,episode,5/29/2010,7.49,85,45,5,9,7.4,5307,"The Silurians are awake, and Angry. The Silurians are preparing for war, A war that could decide who gets to live on earth, The Silurians or-the humans..",Chris Chibnall,Ashley Way,Matt Smith,,Steven Moffat
210,Vincent and the Doctor,episode,6/5/2010,6.76,86,45,5,10,9.3,10424,The Doctor and Amy travel back in time to meet Vincent Van Gogh and face an invisible monster that only the painter can see.,Richard Curtis,Jonny Campbell,Matt Smith,,Steven Moffat
211,The Lodger,episode,6/12/2010,6.44,87,45,5,11,8.1,5942,"After the TARDIS teleports without him, the doctor tries to find out what is stopping it from landing and traces it to a seemingly ordinary, two storey house.",Gareth Roberts,Catherine Morshead,Matt Smith,,Steven Moffat
212a,The Pandorica Opens,episode,6/19/2010,7.57,88,50,5,12,9.1,6761,"River Song returns to deliver The Doctor a serious warning from his allies: the mythical Pandorica, said to contain the most feared creature in the entire Universe, is opening.",Steven Moffat,Toby Haynes,Matt Smith,,Steven Moffat
212b,The Big Bang,episode,6/26/2010,6.7,89,55,5,13,9.1,6969,"The Pandorica opened, silence fell, and now planet Earth is left alone in the universe. Jumping through time, the doctor must figure out a way to bring back those who never were and save his friends from the collapse of reality.",Steven Moffat,Toby Haynes,Matt Smith,,Steven Moffat
213,A Christmas Carol,special,12/25/2010,12.11,83,60,6,0,8.6,6999,"on Christmas eve, The doctor travels into the past of a bitter old man who has the power to save Amy and Rory but doesn't want to save them, so that he doesn't grow up to be mean and bitter.",Steven Moffat,Toby Haynes,Matt Smith,,Steven Moffat
214a,The Impossible Astronaut,episode,4/23/2011,8.86,88,45,6,1,8.9,6855,"The Doctor, Amy, Rory and River Song are reunited in the Utah desert.",Steven Moffat,Toby Haynes,Matt Smith,,Steven Moffat
214b,Day of the Moon,episode,4/30/2011,7.3,87,45,6,2,8.8,6326,The Doctor and his allies mount a rebellion against invaders who have been controlling humanity from the very beginning.,Steven Moffat,Toby Haynes,Matt Smith,,Steven Moffat
215,The Curse of the Black Spot,episode,5/7/2011,7.85,86,45,6,3,6.7,5577,"The Doctor, Amy and Rory find themselves aboard a marooned pirate ship whose crew is being picked off one by one by a beautiful - and deadly - Siren.",Stephen Thompson,Jeremy Webb,Matt Smith,,Steven Moffat
216,The Doctor's Wife,episode,5/14/2011,7.97,87,45,6,4,9,7385,The Doctor is lured to a sentient asteroid outside of the Universe by a Time Lord distress signal and soon realises his TARDIS is in grave danger.,Neil Gaiman,Richard Clark,Matt Smith,,Steven Moffat
217a,The Rebel Flesh,episode,5/21/2011,7.35,85,45,6,5,7.2,4976,"A solar tsunami sends the TARDIS crew to an acid mining factory in the 22nd century, where a small team of workers come under attack from their doppelgangers.",Matthew Graham,Julian Simpson,Matt Smith,,Steven Moffat
217b,The Almost People,episode,5/28/2011,6.72,86,45,6,6,7.4,4928,The gangers and humans battle for their lives as the factory crumbles and the Doctor tries to keep the peace - can everyone make it off the island alive?,Matthew Graham,Julian Simpson,Matt Smith,,Steven Moffat
218,A Good Man Goes to War,episode,6/4/2011,7.51,88,50,6,7,9.1,7097,A member of The Doctor's team has been abducted and he will call in every favor and maybe even go to war to get them back.,Steven Moffat,Peter Hoar,Matt Smith,,Steven Moffat
219,Let's Kill Hitler,episode,8/27/2011,8.1,85,50,6,8,8,5680,"The search for Melody Pond brings the Doctor and his friends to Berlin in 1938, face-to-face with Adolf Hitler, River Song and a justice-serving, shapeshifting robot.",Steven Moffat,Richard Senior,Matt Smith,,Steven Moffat
220,Night Terrors,episode,9/3/2011,7.07,86,45,6,9,7,4867,"Receiving a powerful distress call from a terrified little boy, the Doctor and his friends soon find that the monsters in his cupboard are real - and deadly.",Mark Gatiss,Richard Clark,Matt Smith,,Steven Moffat
221,The Girl Who Waited,episode,9/10/2011,7.6,85,45,6,10,8.5,5693,"Amy is trapped in a quarantine facility where time moves faster than in reality, while the Doctor is confined to the TARDIS. Can Rory save his wife in time?",Tom MacRae,Nick Hurran,Matt Smith,,Steven Moffat
222,The God Complex,episode,9/17/2011,6.77,86,50,6,11,8.1,5291,"The Doctor, Amy and Rory become trapped in a hotel of horrors unable to escape and unable to find the TARDIS. The Doctor must save as many people as he can taking many twists and seeing his own worst fear.",Toby Whithouse,Nick Hurran,Matt Smith,,Steven Moffat
223,Closing Time,episode,9/24/2011,6.93,86,45,6,12,7.6,4946,"The Doctor makes one last stop before his death to see an old friend. But people are disappearing, there are reports of a silver rat and metal men are lurking in the shadows.",Gareth Roberts,Steve Hughes,Matt Smith,,Steven Moffat
224,The Wedding of River Song,episode,10/1/2011,7.67,86,45,6,13,8.4,6048,"April 22nd, 2011; 5:02pm. Having finally accepted his fate the Doctor travels to Lake Silencio for his final day. But one woman refuses to let time take its course.",Steven Moffat,Jeremy Webb,Matt Smith,,Steven Moffat
225,"The Doctor, the Widow and the Wardrobe",special,12/25/2011,10.77,84,60,7,0,7.2,5255,"It's Christmas Eve, 1938, when Madge Arwell comes to the aid of an injured Spaceman Angel as she cycles home. He promises to repay her kindness - all she has to do is make a wish. Three years later, a devastated Madge escapes war-torn London with her two children for a dilapidated house in Dorset. She is crippled with grief at the news her husband has been lost over the channel, but determined to give Lily and Cyril the best Christmas ever. The Arwells are surprised to be greeted by a madcap caretaker whose mysterious Christmas gift leads them into a magical wintry ...",Steven Moffat,Farren Blackburn,Matt Smith,,Steven Moffat
226,Asylum of the Daleks,episode,9/1/2012,8.33,89,50,7,1,8.6,6919,"Amy, Rory and the Doctor are reunited when they are kidnapped by the Daleks, who send them on a mission to destroy the most horrifying place in the universe- the asylum of the Daleks.",Steven Moffat,Nick Hurran,Matt Smith,,Steven Moffat
227,Dinosaurs on a Spaceship,episode,9/8/2012,7.57,87,45,7,2,7.3,5726,"The doctor gathers some of his old friends to help him investigate an unmanned spaceship on a crash course to earth that when it collides, will destroy it, they soon discover the ship's precious and dangerous cargo- dinosaurs.",Chris Chibnall,Saul Metzstein,Matt Smith,,Steven Moffat
228,A Town Called Mercy,episode,9/15/2012,8.42,85,45,7,3,7.3,5482,"The Doctor gets a Stetson (and a gun), and finds himself the reluctant Sheriff of a Western town under siege by a relentless cyborg who goes by the name of The Gunslinger. But who is he and what does he want?",Toby Whithouse,Saul Metzstein,Matt Smith,,Steven Moffat
229,The Power of Three,episode,9/22/2012,7.67,87,41,7,4,7.5,5310,"Earth is suddenly visited by millions of small black cubes of unknown origin. The Doctor joins Amy, Rory and Rory's father, Brian, to help discover what these cubes bring for humanity.",Chris Chibnall,Douglas Mackinnon,Matt Smith,,Steven Moffat
230,The Angels Take Manhattan,episode,9/29/2012,7.82,88,45,7,5,9,7591,"After Rory has an encounter with a weeping angel, the doctor and Amy travel to 1930's New York to save him, but they soon discover that the weeping angels have taken over Manhattan, and soon, maybe, the world.",Steven Moffat,Nick Hurran,Matt Smith,,Steven Moffat
231,The Snowmen,special,12/25/2012,9.87,87,60,7,6,8.4,6260,"London, 1892. Snow is evolving, turning into icy monstrosities, but this is no concern for the Doctor who has given up trying to save the universe, leaving it to a clever young governess named Clara to save the day.",Steven Moffat,Saul Metzstein,Matt Smith,,Steven Moffat
232,The Bells of Saint John,episode,3/30/2013,8.44,87,45,7,7,7.9,5410,"The doctor finds Clara in present day, where they work together to solve the mystery of people disappearing which as it turns out, has a sinister link to WiFi.",Steven Moffat,Colm McCarthy,Matt Smith,,Steven Moffat
233,The Rings of Akhaten,episode,4/6/2013,7.45,84,44,7,8,7.3,5851,"The doctor takes Clara to the rings of Akheten, A partly destroyed planet, where a religious ceremony is about to be carried out, but a darkness is stirring, a hungry darkness that could consume the rings of Akhetan and the universe.",Neil Cross,Farren Blackburn,Matt Smith,,Steven Moffat
234,Cold War,episode,4/13/2013,7.37,84,45,7,9,7.1,5001,"The doctor and Clara find themselves on a Russian cold war submarine that is falling to the bottom of the ocean because of an attack by a rogue Martian warrior, that 's still aboard.",Mark Gatiss,Douglas Mackinnon,Matt Smith,,Steven Moffat
235,Hide,episode,4/20/2013,6.61,85,45,7,10,7.6,4962,The Doctor and Clara arrive at a supposedly haunted mansion where they find a ghost hunter and a psychic who are on the search for a legendary ghost known as 'the witch of the well',Neil Cross,Jamie Payne,Matt Smith,,Steven Moffat
236,Journey to the Centre of the TARDIS,episode,4/27/2013,6.5,85,45,7,11,7.4,5012,"After the TARDIS is caught accidentally by an outer space trash collector, Clara is trapped deep inside of it where she finds herself on a journey through the doctor's past and her future.",Stephen Thompson,Mat King,Matt Smith,,Steven Moffat
237,The Crimson Horror,episode,5/4/2013,6.47,85,45,7,12,7.3,4779,"When they find a picture of the Doctor in a recently dead man's eye, it's up to Madame Vastra, Jenny and Strax to save The Doctor and find out what sinister secrets are going on at Sweetsville, Yorkshire.",Mark Gatiss,Saul Metzstein,Matt Smith,,Steven Moffat
238,Nightmare in Silver,episode,5/11/2013,6.64,84,45,7,13,7.3,4809,"the doctor takes Clara and the children she babysits to a rundown amusement park in space where Cybermen are hiding, and ready to invade the most precious place in the universe, The Doctor's mind.",Neil Gaiman,Stephen Woolfenden,Matt Smith,,Steven Moffat
239,The Name of the Doctor,episode,5/18/2013,7.45,88,45,7,14,9,7323,"The Doctor's friends are being kidnapped, which leads him to the fields of Trenzalore, where his greatest secret will be revealed and Clara's mystery will be solved.",Steven Moffat,Saul Metzstein,Matt Smith,,Steven Moffat
240,The Day of the Doctor,special,11/23/2013,12.8,88,77,4,1,9.3,20297,"In 2013, something terrible is awakening in London's National Gallery; in 1562, a murderous plot is afoot in Elizabethan England; and somewhere in space an ancient battle reaches its devastating conclusion.",Steven Moffat,Nick Hurran,Matt Smith/David Tennant/John Hurt,,Steven Moffat
241,The Time of the Doctor,special,12/25/2013,11.14,83,60,8,0,8.4,6500,"The Doctor's worst enemies, The Daleks, The Cybermen, The Angels and The Silence, return, as the doctor's eleventh life comes to a close, and his twelfth life begins.",Steven Moffat,Jamie Payne,Matt Smith,,Steven Moffat
242,Deep Breath,episode,8/23/2014,9.17,82,76,8,1,7.9,7546,"When the newly-regenerated doctor arrives in Victorian London, he finds a dinosaur rampant in the Thames and a spate of deadly spontaneous combustions.",Steven Moffat,Ben Wheatley,Peter Capaldi,,Steven Moffat
243,Into the Dalek,episode,8/30/2014,7.29,84,45,8,2,7.6,5964,Know what this is about? Be the first one to add a plot.,Phil Ford/Steven Moffat,Ben Wheatley,Peter Capaldi,,Steven Moffat
244,Robot of Sherwood,episode,9/6/2014,7.28,82,46,8,3,7,6103,"In Sherwood Forest, the Doctor uncovers a sinister alien plot and forms an alliance with Robin Hood. With Nottingham at stake, the Doctor must decide who is real and who is fake.",Mark Gatiss,Paul Murphy,Peter Capaldi,,Steven Moffat
245,Listen,episode,9/13/2014,7.01,82,48,8,4,8.9,7605,"When ghosts of past and future crowd into their lives, The Doctor and Clara are thrown into an adventure that takes them to the very end of the universe.",Steven Moffat,Douglas Mackinnon,Peter Capaldi,,Steven Moffat
246,Time Heist,episode,9/20/2014,6.99,84,45,8,5,7.9,5591,"The Doctor and Clara wake up in a room with two other people, unable to remember how they got there. As it turns out Someone known as the Architect has employed them to Break into the Universe's most secure bank.",Stephen Thompson/Steven Moffat,Douglas Mackinnon,Peter Capaldi,,Steven Moffat
247,The Caretaker,episode,9/27/2014,6.82,83,45,8,6,7.2,4931,"The terrifying Skovox Blitzer is ready to destroy all humanity - but worse, and any second now, Danny Pink and the Doctor are going to meet.",Gareth Roberts/Steven Moffat,Paul Murphy,Peter Capaldi,,Steven Moffat
248,Kill the Moon,episode,10/4/2014,6.91,82,45,8,7,6.8,5666,"In the near future, the Doctor and Clara find themselves on a space shuttle making a suicide mission to the Moon. Crash-landing on the lunar surface they find the most terrible things.",Peter Harness,Paul Wilmshurst,Peter Capaldi,,Steven Moffat
249,Mummy on the Orient Express,episode,10/11/2014,7.11,85,47,8,8,8.5,5526,"On the most beautiful train in history, speeding amongst the stars of the future, a deadly and immortal creature is stalking the passengers.",Jamie Mathieson,Paul Wilmshurst,Peter Capaldi,,Steven Moffat
250,Flatline,episode,10/18/2014,6.71,85,43,8,9,8.4,5256,"A problem happens with the Tardis, trapping the Doctor inside and leaving Clara to fend for herself against a two dimensional enemy.",Jamie Mathieson,Douglas Mackinnon,Peter Capaldi,,Steven Moffat
251,In the Forest of the Night,episode,10/25/2014,6.92,83,45,8,10,6,5123,"One morning in London, and every city and town in the world, the human race wakes up to the most surprising invasion yet: the trees have moved back in. Everywhere, in every land, a forest has grown and taken back the Earth.",Frank Cottrell-Boyce,Sheree Folkson,Peter Capaldi,,Steven Moffat
252a,Dark Water,episode,11/1/2014,7.34,85,46,8,11,8.6,5542,"In the mysterious world of the Nethersphere, plans have been drawn. Old friends and old enemies manoeuvre around the Doctor, and an impossible choice is looming over him.",Steven Moffat,Rachel Talalay,Peter Capaldi,,Steven Moffat
252b,Death in Heaven,episode,11/8/2014,7.6,83,57,8,12,7.8,5308,"With Cybermen on the streets of London, old friends unite against old enemies and the Doctor takes to the air in a startling new role. As the Doctor faces his greatest challenge, sacrifices must be made before the day is won.",Steven Moffat,Rachel Talalay,Peter Capaldi,,Steven Moffat
253,Last Christmas,special,12/25/2014,8.28,82,60,9,0,8.2,5241,"The Doctor and Clara face their Last Christmas. Trapped on an Arctic base, under attack from terrifying creatures, who are you going to call? Santa Claus!",Steven Moffat,Paul Wilmshurst,Peter Capaldi,,Steven Moffat
254a,The Magician's Apprentice,episode,9/19/2015,6.54,84,46,9,1,8.4,5750,"When the skies of Earth are frozen by a mysterious alien force, Clara needs her friend, the Doctor. But where is he and what is he hiding from?",Steven Moffat,Hettie MacDonald,Peter Capaldi,,Steven Moffat
254b,The Witch's Familiar,episode,9/26/2015,5.71,83,48,9,2,8.4,5106,"Trapped and alone in a terrifying Dalek city, the Doctor is at the heart of an evil Empire; no sonic, no TARDIS, nobody to help. With his greatest temptation before him, can the Doctor resist? And will there be mercy?",Steven Moffat,Hettie MacDonald,Peter Capaldi,,Steven Moffat
255a,Under the Lake,episode,10/3/2015,5.63,84,43,9,3,8.2,4899,The Doctor and Clara find themselves on a underwater station where the crew live in fear of deadly ghosts which have taken over the station.,Toby Whithouse,Daniel O'Hara,Peter Capaldi,,Steven Moffat
255b,Before the Flood,episode,10/10/2015,6.05,83,42,9,4,8.1,4617,"In a town that never was, the Doctor and his friends are being stalked by a mysterious figure. With the past and future in the balance, can the Doctor stop the evil Fisher King? And more importantly, who composed Beethoven's 5th.",Toby Whithouse,Daniel O'Hara,Peter Capaldi,,Steven Moffat
256,The Girl Who Died,episode,10/17/2015,6.56,82,46,9,5,7.5,4673,"In a Viking village, a girl named Ashildr is about to make a desperate mistake. The Mire are the deadliest mercenaries in the galaxy, famed for showing no mercy and Ashildr has just declared war on them. The Doctor and Clara have 12 hours to turn a peaceful village into strong fighters, ready for the deadly Mire.",Jamie Mathieson/Steven Moffat,Ed Bazalgette,Peter Capaldi,,Steven Moffat
257,The Woman Who Lived,episode,10/24/2015,6.11,81,46,9,6,7.4,4527,"England, 1651. A deadly highwayman known only as 'The Knightmare' plagues the dark streets of London, his fire-breathing accomplice by his side. There's something clearly more than human here, and that includes the loot as much as the outlaws. Who are these creatures, and are they enemies to be fought, or friends who might possibly save the Doctor from certain doom on the gallows?",Catherine Tregenna,Ed Bazalgette,Peter Capaldi,,Steven Moffat
258a,The Zygon Invasion,episode,10/31/2015,5.76,82,46,9,7,7.8,4396,"Zygons, a shape-shifting alien race, and humans live in peace together on earth, but a group of rogue zygons threaten the peace between humans and zygons.",Peter Harness,Daniel Nettheim,Peter Capaldi,,Steven Moffat
258b,The Zygon Inversion,episode,11/7/2015,6.03,84,46,9,8,8.5,4775,"With the Zygons invading England, and UNIT neutralized, the Doctor stands alone to stop the Zygons from taking over the entire planet. But how can he stop the Zygons? And how can he save his friends?",Peter Harness/Steven Moffat,Daniel Nettheim,Peter Capaldi,,Steven Moffat
259,Sleep No More,episode,11/14/2015,5.61,78,45,9,9,5.8,4838,"Vision recovered from the wreckage of Le Verrier Space Station shows how the Doctor and Clara became entangled in a rescue mission. As the footage plays out, a horrifying secret is uncovered.",Mark Gatiss,Justin Molotnikov,Peter Capaldi,,Steven Moffat
260,Face the Raven,episode,11/21/2015,6.05,84,47,9,10,8.5,5288,"The Doctor and Clara are called back to Earth when Rigsy discovers a strange tattoo on the back of his neck that appears to be counting down to zero. Their investigation leads them to a hidden street in the middle of London, the discovery that Rigsy has been issued a death sentence, and one of them facing the choice of having to make the ultimate sacrifice; to face the Raven!",Sarah Dollard,Justin Molotnikov,Peter Capaldi,,Steven Moffat
261,Heaven Sent,episode,11/28/2015,6.19,80,54,9,11,9.6,10323,"Trapped in a world unlike any other he has seen, the Doctor faces the greatest challenge of his many lives. One final test. And he must face it alone...",Steven Moffat,Rachel Talalay,Peter Capaldi,,Steven Moffat
262,Hell Bent,episode,12/5/2015,6.17,82,61,9,12,8.6,5965,"If you took everything from him, betrayed him, trapped him, and broke both his hearts... how far might the Doctor go? Returning to Gallifrey, the Doctor faces the Time Lords in a struggle that will take him to the end of time itself. Who is the Hybrid? And what is the Doctor's confession?",Steven Moffat,Rachel Talalay,Peter Capaldi,,Steven Moffat
263,The Husbands of River Song,special,12/25/2015,7.69,82,56,9,13,8.5,5106,"When a crashed spaceship calls upon the Doctor for help, he finds himself recruited into River Song's squad and hurled into a chase across the galaxy.",Steven Moffat,Douglas Mackinnon,Peter Capaldi,,Steven Moffat
264,The Return of Doctor Mysterio,special,12/25/2016,7.83,82,60,10,0,7.4,4844,"In New York, with brain-swapping aliens poised to attack, the Doctor and Nardole link up with an investigative reporter and a mysterious masked superhero known only as the Ghost. Can the Doctor save Manhattan? And what will be revealed when we see behind the mask?",Steven Moffat,Ed Bazalgette,Peter Capaldi,,Steven Moffat
265,The Pilot,episode,4/15/2017,6.68,83,50,10,1,7.9,4800,The Doctor and Nardole team up with a university student to take down a sinister life-mimicking alien.,Steven Moffat,Lawrence Gough,Peter Capaldi,,Steven Moffat
266,Smile,episode,4/22/2017,5.98,83,46,10,2,7.1,4083,"The Doctor brings Bill to a future human colony, where cute EmojiBots work as willing servants and make sure everybody's happy, but if they're not happy ,they're harvested, so Bill and The Doctor better smile, or else.",Frank Cottrell-Boyce,Lawrence Gough,Peter Capaldi,,Steven Moffat
267,Thin Ice,episode,4/29/2017,5.61,84,44,10,3,7.3,3920,The Doctor and Bill visit London during the last of the River Thames frost fairs in February 1814. They soon discover that there is something under the ice which is causing people to disappear.,Sarah Dollard,Bill Anderson,Peter Capaldi,,Steven Moffat
268,Knock Knock,episode,5/6/2017,5.73,83,44,10,4,7.3,3874,"Bill is moving in with some friends and they've found the perfect house rented by the landlord. The wind blows, the floorboards creak and the Doctor thinks something is very wrong.",Mike Bartlett,Bill Anderson,Peter Capaldi,,Steven Moffat
269,Oxygen,episode,5/13/2017,5.27,83,45,10,5,8.1,3992,"When the Doctor, Bill and Nardole become trapped on a space station without oxygen, they discover the spacesuits are trying to kill them.",Jamie Mathieson,Charles Palmer,Peter Capaldi,,Steven Moffat
270,Extremis,episode,5/20/2017,5.53,82,49,10,6,8.4,4112,"The Doctor is called by the Vatican to solve the mystery of a text called the Veritas, that when someone reads it dies soon after. But something is dwelling in the Vatican, and doesn't want the Veritas to be read.",Steven Moffat,Daniel Nettheim,Peter Capaldi,,Steven Moffat
271,The Pyramid at the End of the World,episode,5/27/2017,5.79,82,46,10,7,7.6,3566,"A 5,000-year-old pyramid appears overnight, baffling everyone including the Doctor.",Peter Harness/Steven Moffat,Daniel Nettheim,Peter Capaldi,,Steven Moffat
272,The Lie of the Land,episode,6/3/2017,4.82,82,45,10,8,7.1,3461,"Earth is invaded and Bill is living alone in occupied Britain. The Doctor appears to be on the side of the enemy, flooding the airwaves with fake news. Bill and Nardole embark on a deadly mission to rescue the Doctor and lead the resistance against the new regime, whatever the cost.",Toby Whithouse,Wayne Yip,Peter Capaldi,,Steven Moffat
273,Empress of Mars,episode,6/10/2017,5.02,83,44,10,9,7,3416,"The Doctor, Bill and Nardole discover a tomb of the Queen of the Ice Warriors on Mars in 1881.",Mark Gatiss,Wayne Yip,Peter Capaldi,,Steven Moffat
274,The Eaters of Light,episode,6/17/2017,4.73,81,42,10,10,6.8,3400,"A long time ago, the Roman legion of the ninth vanished into the mists of Scotland. Bill has a theory about what happened, and the Doctor has a time machine. But when they arrive in ancient Aberdeenshire, what they find is a far greater threat than any army. In a cairn, on a hillside, is a doorway leading to the end of the world.",Rona Munro,Charles Palmer,Peter Capaldi,,Steven Moffat
275a,World Enough and Time,episode,6/24/2017,5,85,46,10,11,9.2,4802,"Trapped on a giant spaceship, caught in the event horizon of a black hole, he witnesses the death of someone he is pledged to protect. Are events already out of control?",Steven Moffat,Rachel Talalay,Peter Capaldi,,Steven Moffat
275b,The Doctor Falls,episode,7/1/2017,5.3,83,60,10,12,9,4807,The Doctor makes a final stand against an army of Cybermen to protect a tiny band of humans from destruction.,Steven Moffat,Rachel Talalay,Peter Capaldi,,Steven Moffat
276,Twice Upon a Time,special,12/25/2017,7.92,81,60,11,0,8.1,6378,"The Twelfth Doctor, still refusing to change, goes on a last adventure with the First Doctor.",Steven Moffat,Rachel Talalay,Jodie Whittaker,,Chris Chibnall
277,The Woman Who Fell to Earth,episode,10/7/2018,10.96,83,64,11,1,6.8,10091,"In a South Yorkshire city, Ryan Sinclair, Yasmin Khan and Graham O'Brien are about to have their lives changed forever, as a mysterious woman, unable to remember her own name, falls from the night sky.",Chris Chibnall,Jamie Childs,Jodie Whittaker,,Chris Chibnall
278,The Ghost Monument,episode,10/14/2018,9,82,49,11,2,5.9,7791,"Still reeling from their first encounter, can the Doctor and her new friends stay alive long enough, in a hostile alien environment, to solve the mystery of Desolation? And just who are Angstrom and Epzo?",Chris Chibnall,Mark Tonderai,Jodie Whittaker,,Chris Chibnall
279,Rosa,episode,10/21/2018,8.41,83,50,11,3,6.9,9174,"Montgomery, Alabama, 1955. The Doctor and her friends find themselves in the Deep South of America. As they encounter a seamstress by the name of Rosa Parks, they begin to wonder whether someone is attempting to change history.",Malorie Blackman/Chris Chibnall,Mark Tonderai,Jodie Whittaker,,Chris Chibnall
280,Arachnids in the UK,episode,10/28/2018,8.22,83,49,11,4,4.9,7109,"The Doctor, Yaz, Graham, and Ryan find their way back to Yorkshire only to find something is stirring amidst the eight-legged arachnid population of Sheffield.",Chris Chibnall,Sallie Aprahamian,Jodie Whittaker,,Chris Chibnall
281,The Tsuranga Conundrum,episode,11/4/2018,7.76,79,51,11,5,4.9,6577,"Injured and stranded in the wilds of a far-flung galaxy, The Doctor, Yaz, Graham, and Ryan must band together with a group of strangers to survive against one of the universe's most deadly - and unusual - creatures.",Chris Chibnall,Jennifer Perrott,Jodie Whittaker,,Chris Chibnall
282,Demons of the Punjab,episode,11/11/2018,7.48,80,50,11,6,6.4,6644,"Yasmin travels in time to visit her grandmother during her youth in the partition of India, but everyone gets caught up in the tragic bloodshed of that era.",Vinay Patel,Jamie Childs,Jodie Whittaker,,Chris Chibnall
283,Kerblam!,episode,11/18/2018,7.46,81,49,11,7,6.1,5843,"A mysterious message arrives in a package addressed to the Doctor, leading her, Graham, Yaz and Ryan to investigate the warehouse moon orbiting Kandoka, and the home of the galaxy's largest retailer.",Pete McTighe,Jennifer Perrott,Jodie Whittaker,,Chris Chibnall
284,The Witchfinders,episode,11/25/2018,7.21,81,47,11,8,5.5,5499,"Arriving in 17th Century Lancashire, the TARDIS team become embroiled in a witch trial. With the arrival of King James I, the hunt for witches intensifies. However, could something more dangerous be at play? Can the Doctor, Graham, Yaz and Ryan keep the populace of Bilehurst Cragg safe from the forces surrounding the land?",Joy Wilkinson,Sallie Aprahamian,Jodie Whittaker,,Chris Chibnall
285,It Takes You Away,episode,12/2/2018,6.42,80,49,11,9,6,5280,"On the edge of a Norwegian fjord, in the present day, The Doctor, Ryan, Graham and Yaz discover a boarded-up cottage and a girl named Hanne in need of their help. What has happened here? What monster lurks in the woods around the cottage - and beyond?",Ed Hime,Jamie Childs,Jodie Whittaker,,Chris Chibnall
286,The Battle of Ranskoor Av Kolos,episode,12/9/2018,6.65,79,50,11,10,5,4804,"Answering nine separate distress calls, the Doctor and team arrive on the remnants of a brutal battlefield on the planet Ranskoor Av Kolos. This planet has many secrets. An amnesiac commander? Mysterious mists? Who or what are the Ux? A deadly reckoning awaits the Doctor and team once they have the answers....",Chris Chibnall,Jamie Childs,Jodie Whittaker,,Chris Chibnall
287,Resolution,special,1/1/2019,7.13,80,60,11,11,5.6,4698,"As the New Year begins, a terrifying evil is stirring from across the centuries of Earth's history. As the Doctor, Ryan, Graham and Yaz return home, will they be able to overcome the threat to planet Earth?",Chris Chibnall,Wayne Yip,Jodie Whittaker,,Chris Chibnall
288a,"Spyfall, Part 1",episode,1/1/2020,6.89,82,59,12,1,6.4,5401,"When intelligence agents around the world come under attack from alien forces, MI6 turns to the only person who can help... The Doctor.",Chris Chibnall,Jamie Magnus Stone,Jodie Whittaker,,Chris Chibnall
288b,"Spyfall, Part 2",episode,1/5/2020,6.07,82,60,12,2,6.3,4781,A terrifying plan to destroy humanity is about to reach fruition. Can the Doctor and her friends escape multiple traps and defeat a deadly alliance?,Chris Chibnall,Lee Haven Jones,Jodie Whittaker,,Chris Chibnall
289,Orphan 55,episode,1/12/2020,5.38,77,46,12,3,3.9,5383,"Having decided that everyone could do with a holiday, Graham accidentally teleports himself, the Doctor Yasmin and Ryan to a luxury resort for a spot of rest and relaxation. However, they discover the place where they are having a break is hiding a number of deadly secrets. What are the ferocious monsters that are attacking Tranquility Spa?",Ed Hime,Lee Haven Jones,Jodie Whittaker,,Chris Chibnall
290,Nikola Tesla's Night of Terror,episode,1/19/2020,5.2,79,50,12,4,6.3,4292,"The time: the earliest years of the 20th century. The place: New York City. Inventor Nikola Tesla is at war with his rival Thomas Edison. However, there's an even greater threat in their midst.",Nina Metivier,Nida Manzoor,Jodie Whittaker,,Chris Chibnall
291,Fugitive of the Judoon,episode,1/26/2020,5.57,83,50,12,5,7.3,4692,"Stomping their way into present-day Gloucester, the Judoon are on the hunt for someone on the run. Who is this fugitive? And why are these alien mercenaries after them?",Vinay Patel/Chris Chibnall,Nida Manzoor,Jodie Whittaker,,Chris Chibnall
292,Praxeus,episode,2/2/2020,5.22,78,49,12,6,5,3860,The Doctor and her friends split up to investigate multiple mysteries across planet Earth. What they find will threaten all of humanity.,Pete McTighe/Chris Chibnall,Jamie Magnus Stone,Jodie Whittaker,,Chris Chibnall
293,Can You Hear Me?,episode,2/9/2020,4.9,78,49,12,7,5.5,3451,"From ancient Syria to present day Sheffield, and out into the wilds of space, something is stalking the Doctor and infecting people's nightmares.",Charlene James/Chris Chibnall,Emma Sullivan,Jodie Whittaker,,Chris Chibnall
294,The Haunting of Villa Diodati,episode,2/16/2020,5.07,80,49,12,8,6.9,3582,"Villa Diodati, 1816 - on a night that inspired Mary Shelley's Frankenstein. The plan was to spend the evening in the presence of literary greats - but the ghosts are all too real. And the Doctor is forced into an earth-shattering decision.",Maxine Alderton,Emma Sullivan,Jodie Whittaker,,Chris Chibnall
295a,Ascension of the Cybermen,episode,2/23/2020,4.99,81,49,12,9,6.3,3355,"In the far future, the Doctor and her friends face a brutal battle across the farthest reaches of space to protect the last of the human race against the deadly Cybermen.",Chris Chibnall,Jamie Magnus Stone,Jodie Whittaker,,Chris Chibnall
295b,The Timeless Children,episode,3/1/2020,4.69,82,65,12,10,4.9,4743,"In the epic and emotional season finale, the Cybermen are on the march. As the last remaining humans are ruthlessly hunted down, Graham, Ryan and Yaz face a terrifying fight to survive. Civilisations fall. Others rise anew. Lies are exposed, truths are revealed, battles are fought, and for the Doctor - trapped and alone - nothing will ever be the same again.",Chris Chibnall,Jamie Magnus Stone,Jodie Whittaker,,Chris Chibnall
296,Revolution of the Daleks,special,1/1/2021,6.35,79,71,12,11,5.8,2808,"Robertson returns, and inadvertently gives the mutant Dalek a chance to clone itself. The Doctor escapes from her alien prison with the help of an old friend, and returns to help.",Chris Chibnall,Lee Haven Jones,Jodie Whittaker,,Chris Chibnall
297a,The Halloween Apocalypse,episode,10/31/2021,5.79,76,50,13,1,6.7,3600,"At Halloween, all across the universe, terrifying forces are stirring. From the Arctic Circle to deep space, an ancient evil is breaking free. And in present day Liverpool, the life of Dan Lewis is about to change forever.",Chris Chibnall,Jamie Magnus Stone,Jodie Whittaker,,Chris Chibnall
297b,War of the Sontarans,episode,11/7/2021,5.13,77,59,13,2,7,4100,"During the Crimean War, the Doctor discovers the British army fighting a brutal alien army of Sontarans, as Yaz and Dan are thrown deeper into a battle for survival. What is the Temple of Atropos? Who are the Mouri?",Chris Chibnall,Jamie Magnus Stone,Jodie Whittaker,,Chris Chibnall
297c,"Once, Upon Time",episode,11/14/2021,4.7,75,49,13,3,5.9,3700,"Time is beginning to run wild. On a planet that shouldn't exist, in the aftermath of apocalypse, the Doctor, Dan, Yaz, and Vinder face a battle to survive.",Chris Chibnall,Azhur Saleem,Jodie Whittaker,,Chris Chibnall
297d,Village of the Angels,episode,11/21/2021,4.57,79,56,13,4,7.7,4100,"Devon, November 1967. A little girl has gone missing, Prof Jericho is conducting psychic experiments and in the graveyard there is one gravestone too many. Why is Medderton known as The Cursed Village and what do the Weeping Angels want?",Chris Chibnall/Maxine Alderton,Jamie Magnus Stone,Jodie Whittaker,,Chris Chibnall
297e,Survivors of the Flux,episode,11/28/2021,4.83,77,50,13,5,6.1,3400,"As the forces of evil mass, the Doctor, Yaz and Dan face perilous journeys and seemingly insurmountable obstacles in their quest for survival.",Chris Chibnall,Azhur Saleem,Jodie Whittaker,,Chris Chibnall
297f,The Vanquishers,episode,12/5/2021,4.64,76,59,13,6,5.4,3600,"In the final epic chapter in the story of the Flux, all hope is lost. The forces of darkness are in control. But when the monsters have won, who can you count upon to save the universe?",Chris Chibnall,Azhur Saleem,Jodie Whittaker,,Chris Chibnall
